,title,source,postLink,author,postType,flair,timeStamp,sentimentScore
0,"[Theory] Frequently, a QB recruit is classified as Dual Threat vs Pro Style based on his race instead of his skill set",self.CFB,https://old.reddit.com/r/CFB//comments/cerkkp/theory_frequently_a_qb_recruit_is_classified_as/,pterrydactyl,Recruiting,Florida ‚Ä¢ /r/CFB Top Scorer,2019-07-18 12:01:18,"{'neg': 0.145, 'neu': 0.855, 'pos': 0.0, 'compound': -0.5267}"
1,Clemson OG John Simpson wears long blonde wig to ACC media day after people complain Trevor Lawrence was not sent,self.CFB,https://old.reddit.com/r/CFB//comments/ceece4/clemson_og_john_simpson_wears_long_blonde_wig_to/,upinatdem,Casual,Clemson,2019-07-17 15:27:35,"{'neg': 0.116, 'neu': 0.884, 'pos': 0.0, 'compound': -0.3612}"
2,2020 4* DT Vernon Broughton commits to Texas,self.CFB,https://old.reddit.com/r/CFB//comments/cels43/2020_4_dt_vernon_broughton_commits_to_texas/,art______vandelay,Recruiting,Texas ‚Ä¢ Sugar Bowl,2019-07-18 01:15:23,"{'neg': 0.0, 'neu': 0.864, 'pos': 0.136, 'compound': 0.0258}"
3,2020 4* QB Haynes King commits to Texas A&M,self.CFB,https://old.reddit.com/r/CFB//comments/cejft6/2020_4_qb_haynes_king_commits_to_texas_am/,AgsMydude,Recruiting,Texas A&M ‚Ä¢ Hawai'i,2019-07-17 21:51:38,"{'neg': 0.0, 'neu': 0.879, 'pos': 0.121, 'compound': 0.0258}"
4,It did indeed hit 102 degrees at Apogee Stadium today,self.CFB,https://old.reddit.com/r/CFB//comments/cejzkj/it_did_indeed_hit_102_degrees_at_apogee_stadium/,arbitrator06,News,North Texas ‚Ä¢ Texas Tech,2019-07-17 22:36:43,"{'neg': 0.0, 'neu': 1.0, 'pos': 0.0, 'compound': 0.0}"
5,ESPN Top 25 Games of 2018,self.CFB,https://old.reddit.com/r/CFB//comments/cemfbb/espn_top_25_games_of_2018/,jalenlmc,Casual,Clemson ‚Ä¢ North Carolina,2019-07-18 02:16:31,"{'neg': 0.0, 'neu': 0.735, 'pos': 0.265, 'compound': 0.2023}"
6,What is the best comeback you have seen that fell short?,self.CFB,https://old.reddit.com/r/CFB//comments/ceradz/what_is_the_best_comeback_you_have_seen_that_fell/,e4mica523,Discussion,South Carolina ‚Ä¢ West Virginia,2019-07-18 11:31:56,"{'neg': 0.0, 'neu': 0.704, 'pos': 0.296, 'compound': 0.6369}"
7,2021 4* QB Drake Maye commits to Alabama,self.CFB,https://old.reddit.com/r/CFB//comments/cekd9b/2021_4_qb_drake_maye_commits_to_alabama/,T_eo,Recruiting,Michigan,2019-07-17 23:08:59,"{'neg': 0.0, 'neu': 0.864, 'pos': 0.136, 'compound': 0.0258}"
8,Clemson Offensive Co-Coordinator Jeff Scott Celebrates with Legendary 19th Century Clemson Receiver after Natty,self.CFB,https://old.reddit.com/r/CFB//comments/cel62m/clemson_offensive_cocoordinator_jeff_scott/,mogorrail,Discussion,Clemson ‚Ä¢ Western Carolina,2019-07-18 00:18:39,"{'neg': 0.16, 'neu': 0.642, 'pos': 0.198, 'compound': 0.1779}"
9,Thinking about proposing to my girlfriend during THE GAME.,self.CFB,https://old.reddit.com/r/CFB//comments/celj10/thinking_about_proposing_to_my_girlfriend_during/,ThaBeaverCleaver,To Blave,Ohio State,2019-07-18 00:51:56,"{'neg': 0.0, 'neu': 1.0, 'pos': 0.0, 'compound': 0.0}"
10,Texas A&M DT Mohamed Diallo has entered the transfer portal.,self.CFB,https://old.reddit.com/r/CFB//comments/cej9bp/texas_am_dt_mohamed_diallo_has_entered_the/,steaminghawtchowdah,Recruiting,Texas A&M ‚Ä¢ Penn State,2019-07-17 21:37:08,"{'neg': 0.0, 'neu': 1.0, 'pos': 0.0, 'compound': 0.0}"
11,3* 2020 WR Darion Williamson commits to Tennessee,self.CFB,https://old.reddit.com/r/CFB//comments/centse/3_2020_wr_darion_williamson_commits_to_tennessee/,Ampmonkey,Recruiting,Tennessee ‚Ä¢ LSU,2019-07-18 04:35:30,"{'neg': 0.0, 'neu': 0.864, 'pos': 0.136, 'compound': 0.0258}"
12,"What is your team biggest ""What If""?",self.CFB,https://old.reddit.com/r/CFB//comments/cejuw7/what_is_your_team_biggest_what_if/,Maverick721,Discussion,Kansas ‚Ä¢ Big 12,2019-07-17 22:25:51,"{'neg': 0.0, 'neu': 1.0, 'pos': 0.0, 'compound': 0.0}"
13,[McMurphy] Kansas to sell beer & wine at KU home games starting this fall.,self.CFB,https://old.reddit.com/r/CFB/?count=25&after=t3_cejuw7/comments/cefay7/mcmurphy_kansas_to_sell_beer_wine_at_ku_home/,DmitriShostabrovich,News,Northwestern ‚Ä¢ Land of Linc‚Ä¶,2019-07-17 16:39:08,"{'neg': 0.0, 'neu': 1.0, 'pos': 0.0, 'compound': 0.0}"
14,r/CFB‚Äôs 2019 NCAA Football Simulated Season: Week 2 Results and Week 3 Predictions,self.CFB,https://old.reddit.com/r/CFB/?count=25&after=t3_cejuw7/comments/cefzmc/rcfbs_2019_ncaa_football_simulated_season_week_2/,MuhMuhManRay,Casual,Tennessee,2019-07-17 17:31:05,"{'neg': 0.0, 'neu': 1.0, 'pos': 0.0, 'compound': 0.0}"
15,Would it be possible for CFB teams to have joint practices?,self.CFB,https://old.reddit.com/r/CFB/?count=25&after=t3_cejuw7/comments/cen8ag/would_it_be_possible_for_cfb_teams_to_have_joint/,ProjanThaSamGod,Discussion,USC ‚Ä¢ College Football Playoff,2019-07-18 03:35:11,"{'neg': 0.0, 'neu': 1.0, 'pos': 0.0, 'compound': 0.0}"
16,2020 4* DT Timothy Smith commits to Alabama,self.CFB,https://old.reddit.com/r/CFB/?count=25&after=t3_cejuw7/comments/cel8cd/2020_4_dt_timothy_smith_commits_to_alabama/,bumpymeerkats,Recruiting,Alabama ‚Ä¢ College Football Playoff,2019-07-18 00:24:24,"{'neg': 0.0, 'neu': 0.864, 'pos': 0.136, 'compound': 0.0258}"
17,Best/Worst CFB dreams,self.CFB,https://old.reddit.com/r/CFB/?count=25&after=t3_cejuw7/comments/cecwz6/bestworst_cfb_dreams/,Prlmitive,Casual,Georgia ‚Ä¢ Duke,2019-07-17 13:34:26,"{'neg': 0.0, 'neu': 0.426, 'pos': 0.574, 'compound': 0.4019}"
18,How good was 2001 Miami considered at the time?,self.CFB,https://old.reddit.com/r/CFB/?count=25&after=t3_cejuw7/comments/cefzd4/how_good_was_2001_miami_considered_at_the_time/,karmew32,Discussion,LSU ‚Ä¢ Louisiana,2019-07-17 17:30:31,"{'neg': 0.0, 'neu': 0.734, 'pos': 0.266, 'compound': 0.4404}"
19,What would you consider to have been the most talented team in your program's history?,self.CFB,https://old.reddit.com/r/CFB/?count=25&after=t3_cejuw7/comments/cedjv9/what_would_you_consider_to_have_been_the_most/,karmew32,Discussion,LSU ‚Ä¢ Louisiana,2019-07-17 14:26:39,"{'neg': 0.0, 'neu': 0.796, 'pos': 0.204, 'compound': 0.5563}"
20,Rutgers WR Zihir Lacewell to transfer,self.CFB,https://old.reddit.com/r/CFB/?count=25&after=t3_cejuw7/comments/ceoc5c/rutgers_wr_zihir_lacewell_to_transfer/,GoldenPresidio,Recruiting,Rutgers ‚Ä¢ Big Ten,2019-07-18 05:31:44,"{'neg': 0.0, 'neu': 1.0, 'pos': 0.0, 'compound': 0.0}"
21,How do you prep for the college football season?,self.CFB,https://old.reddit.com/r/CFB/?count=25&after=t3_cejuw7/comments/cei6pb/how_do_you_prep_for_the_college_football_season/,govey13,Discussion,Ohio State ‚Ä¢ Big Ten,2019-07-17 20:17:21,"{'neg': 0.0, 'neu': 1.0, 'pos': 0.0, 'compound': 0.0}"
22,What flag on the play still pisses you off?,self.CFB,https://old.reddit.com/r/CFB/?count=25&after=t3_cejuw7/comments/cecq9t/what_flag_on_the_play_still_pisses_you_off/,Knebraska,Casual,Nebraska ‚Ä¢ /r/CFBRisk Veteran,2019-07-17 13:18:25,"{'neg': 0.203, 'neu': 0.593, 'pos': 0.203, 'compound': 0.0}"
23,Herschel Walker flipped a coin to chose between Georgia and the Marines,self.CFB,https://old.reddit.com/r/CFB/?count=25&after=t3_cejuw7/comments/ce3gx6/herschel_walker_flipped_a_coin_to_chose_between/,burly0191,Casual,Colorado,2019-07-16 21:38:31,"{'neg': 0.0, 'neu': 1.0, 'pos': 0.0, 'compound': 0.0}"
24,Has your team ever won a game with a trick play?,self.CFB,https://old.reddit.com/r/CFB/?count=25&after=t3_cejuw7/comments/cecv7s/has_your_team_ever_won_a_game_with_a_trick_play/,The_Fishbowl,Discussion,West Virginia,2019-07-17 13:30:13,"{'neg': 0.09, 'neu': 0.451, 'pos': 0.459, 'compound': 0.7096}"
25,Big Ten Preseason Media Poll,self.CFB,https://old.reddit.com/r/CFB/?count=50&after=t3_cegln7/comments/ceeh4q/big_ten_preseason_media_poll/,Wicked_UMD,Analysis,Maryland ‚Ä¢ Illibuck,2019-07-17 15:37:31,"{'neg': 0.0, 'neu': 1.0, 'pos': 0.0, 'compound': 0.0}"
26,Possible AAC 11 Team Schedule (2 permanent opponents + 6 rotating),self.CFB,https://old.reddit.com/r/CFB/?count=50&after=t3_cegln7/comments/cefywf/possible_aac_11_team_schedule_2_permanent/,Papalew32,Opinion,UCF ‚Ä¢ War on I-4,2019-07-17 17:29:33,"{'neg': 0.0, 'neu': 1.0, 'pos': 0.0, 'compound': 0.0}"
27,Florida adds former FSU OL coach Greg Frey to staff as an off field analyst,self.CFB,https://old.reddit.com/r/CFB/?count=50&after=t3_cegln7/comments/cedrnf/florida_adds_former_fsu_ol_coach_greg_frey_to/,bgr308,News,Florida ‚Ä¢ Virginia Tech,2019-07-17 14:43:36,"{'neg': 0.0, 'neu': 1.0, 'pos': 0.0, 'compound': 0.0}"
28,"Four players (Gentry Bonds(DB, JR), Jarett Cole(DB, SR), Xavier Gantt(RB, SR) and Boe Tufele(OL, JR)) no longer listed on GT roster",self.CFB,https://old.reddit.com/r/CFB/?count=50&after=t3_cegln7/comments/cefhnj/four_players_gentry_bondsdb_jr_jarett_coledb_sr/,Jupiter_Stator,News,Georgia Tech ‚Ä¢ UMass Lo‚Ä¶,2019-07-17 16:53:17,"{'neg': 0.092, 'neu': 0.791, 'pos': 0.118, 'compound': 0.1613}"
29,Recruiting Round-Up-7/17 Edition,self.CFB,https://old.reddit.com/r/CFB/?count=50&after=t3_cegln7/comments/cenzwc/recruiting_roundup717_edition/,cccc4444,Recruiting,South Carolina ‚Ä¢ Virginia Tech,2019-07-18 04:53:43,"{'neg': 0.0, 'neu': 1.0, 'pos': 0.0, 'compound': 0.0}"
30,2020 3* DE Robert Wooten Decommits from Arizona,self.CFB,https://old.reddit.com/r/CFB/?count=50&after=t3_cegln7/comments/ceeffe/2020_3_de_robert_wooten_decommits_from_arizona/,OPtheFagget,Recruiting,SMU ‚Ä¢ /r/CFB Brickmason,2019-07-17 15:33:59,"{'neg': 0.0, 'neu': 1.0, 'pos': 0.0, 'compound': 0.0}"
31,[David Teel] ACC Network announcing teams announced for 2019 football season.,self.CFB,https://old.reddit.com/r/CFB/?count=50&after=t3_cegln7/comments/cedr51/david_teel_acc_network_announcing_teams_announced/,Sctvman,News,Charleston (SC) ‚Ä¢ South‚Ä¶,2019-07-17 14:42:30,"{'neg': 0.0, 'neu': 1.0, 'pos': 0.0, 'compound': 0.0}"
32,Whose Line Is It Wednesday,self.CFB,https://old.reddit.com/r/CFB/?count=50&after=t3_cegln7/comments/ceersb/whose_line_is_it_wednesday/,ballzxxtoxxyou,Weekly Thread,Baylor ‚Ä¢ The Revivalry,2019-07-17 16:00:14,"{'neg': 0.0, 'neu': 1.0, 'pos': 0.0, 'compound': 0.0}"
33,It's the /r/CFB Battle Royale! Round 8 - Mountain West,self.CFB,https://old.reddit.com/r/CFB/?count=50&after=t3_cegln7/comments/cegq9u/its_the_rcfb_battle_royale_round_8_mountain_west/,Rcfan0902,Casual,UCF ‚Ä¢ Ohio State,2019-07-17 18:27:14,"{'neg': 0.292, 'neu': 0.708, 'pos': 0.0, 'compound': -0.4389}"
34,David Hale's ACC breakdown,self.CFB,https://old.reddit.com/r/CFB/?count=50&after=t3_cegln7/comments/ced3k5/david_hales_acc_breakdown/,kdbvols,Analysis,Wake Forest ‚Ä¢ Tennessee,2019-07-17 13:50:27,"{'neg': 0.0, 'neu': 1.0, 'pos': 0.0, 'compound': 0.0}"
35,Flex Scheduling,self.CFB,https://old.reddit.com/r/CFB/?count=50&after=t3_cegln7/comments/ced131/flex_scheduling/,hawksnest_prez,Discussion,Iowa ‚Ä¢ Outback Bowl,2019-07-17 13:44:19,"{'neg': 0.0, 'neu': 1.0, 'pos': 0.0, 'compound': 0.0}"
36,"Arkansas‚Äô McTelvin Agim brought a Chucky doll up with him today - says it represents his cousin who was murdered, and it‚Äôs to keep his memory alive.",self.CFB,https://old.reddit.com/r/CFB/?count=50&after=t3_cegln7/comments/cedjkj/arkansas_mctelvin_agim_brought_a_chucky_doll_up/,LukeNeverShaves,Casual,Arkansas,2019-07-17 14:25:56,"{'neg': 0.147, 'neu': 0.767, 'pos': 0.087, 'compound': -0.4215}"
37,"Let's Give Everyone 2 Players to watch out for this season on your team. 1 That you think can be an all american, and 1 that can be 1st team all conference that most won't know.",self.CFB,https://old.reddit.com/r/CFB/?count=50&after=t3_cegln7/comments/cedlk5/lets_give_everyone_2_players_to_watch_out_for/,LeoFireGod,Discussion,Oklahoma,2019-07-17 14:30:17,"{'neg': 0.0, 'neu': 1.0, 'pos': 0.0, 'compound': 0.0}"
38,The well-worn path from West Point to Jacksonville,self.CFB,https://old.reddit.com/r/CFB/?count=50&after=t3_cegln7/comments/ceeags/the_wellworn_path_from_west_point_to_jacksonville/,BeatNavyAgain,Casual,Army ‚Ä¢ Gettysburg,2019-07-17 15:23:24,"{'neg': 0.0, 'neu': 1.0, 'pos': 0.0, 'compound': 0.0}"
39,The Legend of Gator: Ocarina of Tim,self.CFB,https://old.reddit.com/r/CFB/?count=50&after=t3_cegln7/comments/cdwq0b/the_legend_of_gator_ocarina_of_tim/,fireinvestigator113,Analysis,PM me for arson tips,2019-07-16 13:00:13,"{'neg': 0.0, 'neu': 1.0, 'pos': 0.0, 'compound': 0.0}"
40,"If you're storming Area 51, which student section are you bringing?",self.CFB,https://old.reddit.com/r/CFB/?count=75&after=t3_ceeqn2/comments/ce9g8x/if_youre_storming_area_51_which_student_section/,SLCer,Discussion,Utah,2019-07-17 07:10:15,"{'neg': 0.0, 'neu': 1.0, 'pos': 0.0, 'compound': 0.0}"
41,2020 4* S Lathan Ransom commits to Ohio State,self.CFB,https://old.reddit.com/r/CFB/?count=75&after=t3_ceeqn2/comments/ce30wa/2020_4_s_lathan_ransom_commits_to_ohio_state/,Zajac19,Recruiting,Rutgers ‚Ä¢ Oregon,2019-07-16 21:04:03,"{'neg': 0.0, 'neu': 0.864, 'pos': 0.136, 'compound': 0.0258}"
42,Would a 1 loss BYU team basically be a given for a NY6 bowl?,self.CFB,https://old.reddit.com/r/CFB/?count=75&after=t3_ceeqn2/comments/ceqgxx/would_a_1_loss_byu_team_basically_be_a_given_for/,Bigbossbyu,Discussion,BYU ‚Ä¢ Arizona,2019-07-18 09:59:27,"{'neg': 0.204, 'neu': 0.796, 'pos': 0.0, 'compound': -0.3182}"
43,Question about Last Chance U,self.CFB,https://old.reddit.com/r/CFB/?count=75&after=t3_ceeqn2/comments/ceoizp/question_about_last_chance_u/,The_JLK,Discussion,Georgia ‚Ä¢ Yale,2019-07-18 05:53:34,"{'neg': 0.0, 'neu': 0.6, 'pos': 0.4, 'compound': 0.25}"
44,"Just watched a sneak peak of Saturdays In The South, a new 8 part series on the SEC Network this fall",self.CFB,https://old.reddit.com/r/CFB/?count=75&after=t3_ceeqn2/comments/ce72tk/just_watched_a_sneak_peak_of_saturdays_in_the/,bamachine,News,Alabama ‚Ä¢ /r/CFB Press Corps,2019-07-17 02:54:51,"{'neg': 0.0, 'neu': 1.0, 'pos': 0.0, 'compound': 0.0}"
45,"ESPN+, Big 12 Now, announce plan for an 18 part series following the Kansas football program in 2019, premiering in August.",self.CFB,https://old.reddit.com/r/CFB/?count=75&after=t3_ceeqn2/comments/cdyiaz/espn_big_12_now_announce_plan_for_an_18_part/,2400hoops,News,Kansas,2019-07-16 15:25:24,"{'neg': 0.0, 'neu': 1.0, 'pos': 0.0, 'compound': 0.0}"
46,College of Faith-Charlotte's Football Coach Is Back,self.CFB,https://old.reddit.com/r/CFB/?count=75&after=t3_ceeqn2/comments/ceacq2/college_of_faithcharlottes_football_coach_is_back/,DavidS12,Discussion,Arkansas Tech,2019-07-17 09:07:11,"{'neg': 0.0, 'neu': 1.0, 'pos': 0.0, 'compound': 0.0}"
47,[Discussion] The Athletic's 1990s All-Decade Team,self.CFB,https://old.reddit.com/r/CFB/?count=75&after=t3_ceeqn2/comments/ce6s19/discussion_the_athletics_1990s_alldecade_team/,city-of-stars,Discussion,Houston ‚Ä¢ Texas,2019-07-17 02:25:38,"{'neg': 0.0, 'neu': 1.0, 'pos': 0.0, 'compound': 0.0}"
48,"5 Takeaways from the Big Sky Media Kickoff: Shootings, Family Feuds, Roommates, Rivalry and ‚ÄúFootball & Enlightenment Philosophy‚Äù with Dan Hawkins",self.CFB,https://old.reddit.com/r/CFB/?count=75&after=t3_ceeqn2/comments/ce6vfk/5_takeaways_from_the_big_sky_media_kickoff/,Cyclopher6971,/r/CFB Original,Montana ‚Ä¢ /r/CFB Press Corps,2019-07-17 02:34:59,"{'neg': 0.118, 'neu': 0.882, 'pos': 0.0, 'compound': -0.34}"
49,Ranking the worst Big 12 hires in last 25 years,self.CFB,https://old.reddit.com/r/CFB/?count=75&after=t3_ceeqn2/comments/ce6meg/ranking_the_worst_big_12_hires_in_last_25_years/,burly0191,Opinion,Colorado,2019-07-17 02:11:11,"{'neg': 0.313, 'neu': 0.687, 'pos': 0.0, 'compound': -0.6249}"
50,What‚Äôs your favorite play from your team that‚Äôs more than ten years old?,self.CFB,https://old.reddit.com/r/CFB/?count=75&after=t3_ceeqn2/comments/ce3396/whats_your_favorite_play_from_your_team_thats/,Knebraska,Casual,Nebraska ‚Ä¢ /r/CFBRisk Veteran,2019-07-16 21:09:09,"{'neg': 0.0, 'neu': 0.671, 'pos': 0.329, 'compound': 0.6597}"
51,Texas A&M RB Vernon Jackson to miss entire 2019 season with a neck injury,self.CFB,https://old.reddit.com/r/CFB/?count=75&after=t3_ceeqn2/comments/ce12fo/texas_am_rb_vernon_jackson_to_miss_entire_2019/,Watson4Harden13,News,Texas A&M ‚Ä¢ Gator Bowl,2019-07-16 18:35:54,"{'neg': 0.286, 'neu': 0.714, 'pos': 0.0, 'compound': -0.5267}"
52,College Fantasy Football is back!,self.CFB,https://old.reddit.com/r/CFB/?count=75&after=t3_ceeqn2/comments/ce6iuz/college_fantasy_football_is_back/,doug_m,News,Georgia Tech ‚Ä¢ Ohio State,2019-07-17 02:01:58,"{'neg': 0.0, 'neu': 1.0, 'pos': 0.0, 'compound': 0.0}"
53,"Big 12 Media Days Coaches' Press Conferences, Day 2",self.CFB,https://old.reddit.com/r/CFB/?count=75&after=t3_ceeqn2/comments/ce1pkv/big_12_media_days_coaches_press_conferences_day_2/,mikehoncho13,/r/CFB Original,/r/CFB Press Corps ‚Ä¢ TCU,2019-07-16 19:24:09,"{'neg': 0.0, 'neu': 1.0, 'pos': 0.0, 'compound': 0.0}"
54,"[Brett McMurphy] AAC commish Mike Aresco says league will stay at 11 schools after UConn leaves. ‚ÄúWe have no plans to add a member to replace UConn,‚Äù he said. ‚ÄúWe're not targeting anyone‚Äù",self.CFB,https://old.reddit.com/r/CFB/?count=100&after=t3_ce1pkv/comments/cdwyz1/brett_mcmurphy_aac_commish_mike_aresco_says/,Somali_Pir8,News,ECU,2019-07-16 13:21:46,"{'neg': 0.066, 'neu': 0.934, 'pos': 0.0, 'compound': -0.296}"
55,Notre Dame will only play 3 Road Games next year. Anyone else ever play as few?,self.CFB,https://old.reddit.com/r/CFB/?count=100&after=t3_ce1pkv/comments/cdynrj/notre_dame_will_only_play_3_road_games_next_year/,fu-depaul,Discussion,Salad Bowl ‚Ä¢ Refrigerator Bowl,2019-07-16 15:37:29,"{'neg': 0.0, 'neu': 0.73, 'pos': 0.27, 'compound': 0.5859}"
56,What's your favorite College football reference on TV/Movies not involving your team?,self.CFB,https://old.reddit.com/r/CFB/?count=100&after=t3_ce1pkv/comments/ce1ru4/whats_your_favorite_college_football_reference_on/,WookieeSteakIsChewie,Discussion,Penn State ‚Ä¢ Syracuse,2019-07-16 19:29:01,"{'neg': 0.0, 'neu': 0.786, 'pos': 0.214, 'compound': 0.4588}"
57,Next ESPN CFB Song?,self.CFB,https://old.reddit.com/r/CFB/?count=100&after=t3_ce1pkv/comments/ce1doa/next_espn_cfb_song/,Always_Chubb-y,Discussion,Georgia ‚Ä¢ Transfer Portal,2019-07-16 18:59:36,"{'neg': 0.0, 'neu': 1.0, 'pos': 0.0, 'compound': 0.0}"
58,2020 3* CB Malachi Melton commits to Purdue,self.CFB,https://old.reddit.com/r/CFB/?count=100&after=t3_ce1pkv/comments/ce00td/2020_3_cb_malachi_melton_commits_to_purdue/,Zajac19,Recruiting,Rutgers ‚Ä¢ Oregon,2019-07-16 17:19:01,"{'neg': 0.0, 'neu': 0.864, 'pos': 0.136, 'compound': 0.0258}"
59,"If you're storming Area 51, which college football player are you bringing?",self.CFB,https://old.reddit.com/r/CFB/?count=100&after=t3_ce1pkv/comments/cdy7q2/if_youre_storming_area_51_which_college_football/,burly0191,Casual,Colorado,2019-07-16 15:04:02,"{'neg': 0.0, 'neu': 1.0, 'pos': 0.0, 'compound': 0.0}"
60,Recruiting Round-Up-7/16 Edition,self.CFB,https://old.reddit.com/r/CFB/?count=100&after=t3_ce1pkv/comments/cebpba/recruiting_roundup716_edition/,cccc4444,Recruiting,South Carolina ‚Ä¢ Virginia Tech,2019-07-17 11:42:03,"{'neg': 0.0, 'neu': 1.0, 'pos': 0.0, 'compound': 0.0}"
61,Records set in 2018,self.CFB,https://old.reddit.com/r/CFB/?count=100&after=t3_ce1pkv/comments/ce0rxv/records_set_in_2018/,ghetto_draco,Analysis,Oklahoma ‚Ä¢ Bedlam Bell,2019-07-16 18:14:18,"{'neg': 0.0, 'neu': 1.0, 'pos': 0.0, 'compound': 0.0}"
62,Best School for Each Position Group?,self.CFB,https://old.reddit.com/r/CFB/?count=100&after=t3_ce1pkv/comments/ce17be/best_school_for_each_position_group/,kevplucky,Discussion,Notre Dame ‚Ä¢ Virginia,2019-07-16 18:46:13,"{'neg': 0.0, 'neu': 0.543, 'pos': 0.457, 'compound': 0.6369}"
63,Christian Caple: UW just announced that DL Mosiah Nasili-Kite (formerly Nasili-Liu) has been dismissed from the program for a violation of team rules.,self.CFB,https://old.reddit.com/r/CFB/?count=100&after=t3_ce1pkv/comments/cdz7ba/christian_caple_uw_just_announced_that_dl_mosiah/,MooseBigelow,News,TCU ‚Ä¢ Washington,2019-07-16 16:18:09,"{'neg': 0.132, 'neu': 0.868, 'pos': 0.0, 'compound': -0.4939}"
64,Complete AAC Preseason media poll,self.CFB,https://old.reddit.com/r/CFB/?count=100&after=t3_ce1pkv/comments/cdwfa4/complete_aac_preseason_media_poll/,KatKat23421,Discussion,Houston ‚Ä¢ Team Chaos,2019-07-16 12:31:53,"{'neg': 0.0, 'neu': 1.0, 'pos': 0.0, 'compound': 0.0}"
65,What's stopping schools with constant half-empty or 2/3 empty stadiums from just offering thousands of free tickets?,self.CFB,https://old.reddit.com/r/CFB/?count=125&after=t3_cdxaye/comments/cdyi0m/whats_stopping_schools_with_constant_halfempty_or/,Smash_4dams,Discussion,Appalachian State ‚Ä¢ NC State,2019-07-16 15:24:44,"{'neg': 0.164, 'neu': 0.676, 'pos': 0.159, 'compound': 0.2263}"
66,"Only giving the last names of a handful of players involved, tell us a play that has stuck with you.",self.CFB,https://old.reddit.com/r/CFB/?count=125&after=t3_cdxaye/comments/cdz3tc/only_giving_the_last_names_of_a_handful_of/,CallingUagoatUgoat,Casual,Oklahoma ‚Ä¢ Big 12,2019-07-16 16:11:14,"{'neg': 0.092, 'neu': 0.688, 'pos': 0.22, 'compound': 0.4215}"
67,TTU‚Äôs Justus Parker addresses his year long suspension,self.CFB,https://old.reddit.com/r/CFB/?count=125&after=t3_cdxaye/comments/ce21ld/ttus_justus_parker_addresses_his_year_long/,ethan_bruhhh,News,Texas Tech ‚Ä¢ Tarleton State,2019-07-16 19:49:33,"{'neg': 0.0, 'neu': 1.0, 'pos': 0.0, 'compound': 0.0}"
68,"Tolkien-style (Fantasy) Map of Minnesota, North and South Dakota",self.CFB,https://old.reddit.com/r/CFB/?count=125&after=t3_cdxaye/comments/cds5lr/tolkienstyle_fantasy_map_of_minnesota_north_and/,themattboard,/r/CFB Original,Virginia Tech ‚Ä¢ Old Dominion,2019-07-16 04:11:43,"{'neg': 0.0, 'neu': 1.0, 'pos': 0.0, 'compound': 0.0}"
69,LSU to sell beer and wine at football games,self.CFB,https://old.reddit.com/r/CFB/?count=125&after=t3_cdxaye/comments/cdl7dw/lsu_to_sell_beer_and_wine_at_football_games/,ONETEAM_ONEHEARTBEAT,News,LSU ‚Ä¢ Fiesta Bowl,2019-07-15 18:20:09,"{'neg': 0.0, 'neu': 1.0, 'pos': 0.0, 'compound': 0.0}"
70,2020 4* CB Jahari Rogers commits to Florida,self.CFB,https://old.reddit.com/r/CFB/?count=125&after=t3_cdxaye/comments/cdotsn/2020_4_cb_jahari_rogers_commits_to_florida/,bgr308,Recruiting,Florida ‚Ä¢ Virginia Tech,2019-07-15 22:58:08,"{'neg': 0.0, 'neu': 0.864, 'pos': 0.136, 'compound': 0.0258}"
71,Which player do you feel was underappreciated by their own fans?,self.CFB,https://old.reddit.com/r/CFB/?count=125&after=t3_cdxaye/comments/cdqtv7/which_player_do_you_feel_was_underappreciated_by/,Hour_long_wank,Discussion,Oklahoma,2019-07-16 02:02:22,"{'neg': 0.0, 'neu': 1.0, 'pos': 0.0, 'compound': 0.0}"
72,2019 Wiki Project - North Carolina,self.CFB,https://old.reddit.com/r/CFB/?count=125&after=t3_cdxaye/comments/cdy5se/2019_wiki_project_north_carolina/,_fastball,Weekly Thread,Michigan ‚Ä¢ The Game,2019-07-16 15:00:28,"{'neg': 0.0, 'neu': 1.0, 'pos': 0.0, 'compound': 0.0}"
73,New and confused CFB fan here,self.CFB,https://old.reddit.com/r/CFB/?count=125&after=t3_cdxaye/comments/cdpveh/new_and_confused_cfb_fan_here/,_American_Idiot,Discussion,Colorado ‚Ä¢ Boise State,2019-07-16 00:32:53,"{'neg': 0.267, 'neu': 0.465, 'pos': 0.267, 'compound': 0.0}"
74,LSU DB Kelvin Joseph has re-entered the transfer portal,self.CFB,https://old.reddit.com/r/CFB/?count=150&after=t3_cdpveh/comments/cdobm7/lsu_db_kelvin_joseph_has_reentered_the_transfer/,Zajac19,Recruiting,Rutgers ‚Ä¢ Oregon,2019-07-15 22:14:51,"{'neg': 0.0, 'neu': 1.0, 'pos': 0.0, 'compound': 0.0}"
75,"Big 12 Media Day Coaches' Press Conference Recaps, Day 1:",self.CFB,https://old.reddit.com/r/CFB/?count=150&after=t3_cdpveh/comments/cdncvn/big_12_media_day_coaches_press_conference_recaps/,mikehoncho13,/r/CFB Original,/r/CFB Press Corps ‚Ä¢ TCU,2019-07-15 20:57:32,"{'neg': 0.0, 'neu': 1.0, 'pos': 0.0, 'compound': 0.0}"
76,"[SEC Officiating] Hello, world üëã This account will serve as your source for rules, videos, statistics and activities inside the SEC Video Center. Go easy on us!",self.CFB,https://old.reddit.com/r/CFB/?count=150&after=t3_cdpveh/comments/cdk59h/sec_officiating_hello_world_this_account_will/,Action_This_Day,News,Bluebonnet Bowl,2019-07-15 17:06:24,"{'neg': 0.0, 'neu': 0.803, 'pos': 0.197, 'compound': 0.75}"
77,Great but Forgotten Teams from this Decade that should be Remembered,self.CFB,https://old.reddit.com/r/CFB/?count=150&after=t3_cdpveh/comments/cdqf48/great_but_forgotten_teams_from_this_decade_that/,jalenlmc,History,Clemson ‚Ä¢ North Carolina,2019-07-16 01:24:11,"{'neg': 0.169, 'neu': 0.647, 'pos': 0.183, 'compound': 0.0516}"
78,"Texas Tech NB Justus Parker Suspended for a Year, Off Team",self.CFB,https://old.reddit.com/r/CFB/?count=150&after=t3_cdpveh/comments/cdnwr2/texas_tech_nb_justus_parker_suspended_for_a_year/,SPWC,News,Texas Tech ‚Ä¢ Army,2019-07-15 21:41:12,"{'neg': 0.256, 'neu': 0.744, 'pos': 0.0, 'compound': -0.4767}"
79,2020 3* DT Willis Singleton commits to Iowa State,self.CFB,https://old.reddit.com/r/CFB/?count=150&after=t3_cdpveh/comments/cdpkek/2020_3_dt_willis_singleton_commits_to_iowa_state/,IllinoisGinger,Recruiting,Northwestern,2019-07-16 00:04:17,"{'neg': 0.0, 'neu': 0.879, 'pos': 0.121, 'compound': 0.0258}"
80,r/CFB‚Äôs 2019 NCAA Football Simulated Season: Week 0/1 Results and Week 2 Predictions,self.CFB,https://old.reddit.com/r/CFB/?count=150&after=t3_cdpveh/comments/cdkbvk/rcfbs_2019_ncaa_football_simulated_season_week_01/,MuhMuhManRay,Casual,Tennessee,2019-07-15 17:19:24,"{'neg': 0.0, 'neu': 1.0, 'pos': 0.0, 'compound': 0.0}"
81,Oklahoma long snapper Kasey Kelleher takes part in the ‚ÄúBottle Cap Challenge.‚Äù,self.CFB,https://old.reddit.com/r/CFB/?count=150&after=t3_cdpveh/comments/cdhn6o/oklahoma_long_snapper_kasey_kelleher_takes_part/,XCalibur672,Casual,Texas ‚Ä¢ SMU,2019-07-15 13:44:35,"{'neg': 0.0, 'neu': 1.0, 'pos': 0.0, 'compound': 0.0}"
82,2020 3* RB Jalen John commits to Arizona,self.CFB,https://old.reddit.com/r/CFB/?count=150&after=t3_cdpveh/comments/cdqtz2/2020_3_rb_jalen_john_commits_to_arizona/,westcoastwildcat,Recruiting,Northwestern ‚Ä¢ Verified Coach,2019-07-16 02:02:40,"{'neg': 0.0, 'neu': 0.864, 'pos': 0.136, 'compound': 0.0258}"
83,Big 12 Now is name of Big 12‚Äôs new digital network & will be available on ESPN+,self.CFB,https://old.reddit.com/r/CFB/?count=150&after=t3_cdpveh/comments/cdi5nq/big_12_now_is_name_of_big_12s_new_digital_network/,Jyoung59,News,Texas Tech,2019-07-15 14:30:21,"{'neg': 0.0, 'neu': 1.0, 'pos': 0.0, 'compound': 0.0}"
84,2020 3* ATH/WR Brennan Presley commits to Oklahoma State,self.CFB,https://old.reddit.com/r/CFB/?count=150&after=t3_cdpveh/comments/cdnuut/2020_3_athwr_brennan_presley_commits_to_oklahoma/,gowrisankar1989,Recruiting,Oklahoma State,2019-07-15 21:36:55,"{'neg': 0.0, 'neu': 0.879, 'pos': 0.121, 'compound': 0.0258}"
85,Florida releases picture of renovated locker room,self.CFB,https://old.reddit.com/r/CFB/?count=150&after=t3_cdpveh/comments/cdhh18/florida_releases_picture_of_renovated_locker_room/,bgr308,News,Florida ‚Ä¢ Virginia Tech,2019-07-15 13:28:21,"{'neg': 0.0, 'neu': 1.0, 'pos': 0.0, 'compound': 0.0}"
86,Do Media Polls Overrate or Underrate Certain Teams - ACC,self.CFB,https://old.reddit.com/r/CFB/?count=150&after=t3_cdpveh/comments/cdl588/do_media_polls_overrate_or_underrate_certain/,TheJeemTeam,Analysis,Pittsburgh ‚Ä¢ /r/CFB Poll Veteran,2019-07-15 18:15:59,"{'neg': 0.0, 'neu': 0.792, 'pos': 0.208, 'compound': 0.2732}"
87,ESPN announces commentating crews for 2019 college football season,self.CFB,https://old.reddit.com/r/CFB/?count=150&after=t3_cdpveh/comments/cdmd3a/espn_announces_commentating_crews_for_2019/,michigan_matt,News,Michigan,2019-07-15 19:42:27,"{'neg': 0.0, 'neu': 1.0, 'pos': 0.0, 'compound': 0.0}"
88,SEC commissioner Greg Sankey said SEC Media Days will return to Atlanta in 2020 and will travel to Nashville in 2021.,self.CFB,https://old.reddit.com/r/CFB/?count=150&after=t3_cdpveh/comments/cdjo1x/sec_commissioner_greg_sankey_said_sec_media_days/,IAmClaytonBigsby,News,Alabama,2019-07-15 16:32:37,"{'neg': 0.0, 'neu': 1.0, 'pos': 0.0, 'compound': 0.0}"
89,What makes a good marching band?,self.CFB,https://old.reddit.com/r/CFB/?count=150&after=t3_cdpveh/comments/cdncb2/what_makes_a_good_marching_band/,Eternal48,Discussion,South Carolina ‚Ä¢ Marching Band,2019-07-15 20:56:15,"{'neg': 0.0, 'neu': 0.58, 'pos': 0.42, 'compound': 0.4404}"
90,UCLA LB Rahyme Johnson Transfers To San Jos√© State,self.CFB,https://old.reddit.com/r/CFB/?count=150&after=t3_cdpveh/comments/cdmiyq/ucla_lb_rahyme_johnson_transfers_to_san_jos√©_state/,leewilliam236,Recruiting,San Jos√© State ‚Ä¢ Mountain West,2019-07-15 19:54:19,"{'neg': 0.0, 'neu': 1.0, 'pos': 0.0, 'compound': 0.0}"
91,Recruiting Round-Up-7/15 Edition,self.CFB,https://old.reddit.com/r/CFB/?count=175&after=t3_cdmiyq/comments/cdsoyh/recruiting_roundup715_edition/,cccc4444,Recruiting,South Carolina ‚Ä¢ Virginia Tech,2019-07-16 05:11:32,"{'neg': 0.0, 'neu': 1.0, 'pos': 0.0, 'compound': 0.0}"
92,Andy Staples joins the Athletic,self.CFB,https://old.reddit.com/r/CFB/?count=175&after=t3_cdmiyq/comments/cdhfxr/andy_staples_joins_the_athletic/,brobroma,News,H8 Upon the Gale,2019-07-15 13:25:29,"{'neg': 0.0, 'neu': 1.0, 'pos': 0.0, 'compound': 0.0}"
93,Charlotte RB Robert Washington transfers to Liberty,self.CFB,https://old.reddit.com/r/CFB/?count=175&after=t3_cdmiyq/comments/cdlg5m/charlotte_rb_robert_washington_transfers_to/,zmp1924,Recruiting,Florida ‚Ä¢ Liberty,2019-07-15 18:37:30,"{'neg': 0.0, 'neu': 0.638, 'pos': 0.362, 'compound': 0.5267}"
94,A good CFB +/- stat?,self.CFB,https://old.reddit.com/r/CFB/?count=175&after=t3_cdmiyq/comments/cdlz60/a_good_cfb_stat/,Draft_Punk,Analysis,LSU,2019-07-15 19:14:30,"{'neg': 0.0, 'neu': 0.508, 'pos': 0.492, 'compound': 0.4404}"
95,10 Best Teams to Miss the Playoffs,self.CFB,https://old.reddit.com/r/CFB/?count=175&after=t3_cdmiyq/comments/cddihc/10_best_teams_to_miss_the_playoffs/,TheDoctor1419,Discussion,Ohio State,2019-07-15 05:37:42,"{'neg': 0.148, 'neu': 0.463, 'pos': 0.389, 'compound': 0.5574}"
96,2020 4* RB Sam Adams II commits to Washington,self.CFB,https://old.reddit.com/r/CFB/?count=175&after=t3_cdmiyq/comments/cd6nm2/2020_4_rb_sam_adams_ii_commits_to_washington/,HybridHusky,Recruiting,Washington ‚Ä¢ USC,2019-07-14 18:52:55,"{'neg': 0.0, 'neu': 0.879, 'pos': 0.121, 'compound': 0.0258}"
97,2020 3* Trey Paster Commits to Cal,self.CFB,https://old.reddit.com/r/CFB/?count=175&after=t3_cdmiyq/comments/cdb23f/2020_3_trey_paster_commits_to_cal/,pietya,Recruiting,California ‚Ä¢ The Axe,2019-07-15 01:22:23,"{'neg': 0.0, 'neu': 0.845, 'pos': 0.155, 'compound': 0.0258}"
98,Inside Football with Bud Wilkinson coaches show circa 1950s,self.CFB,https://old.reddit.com/r/CFB/?count=175&after=t3_cdmiyq/comments/cd9uwd/inside_football_with_bud_wilkinson_coaches_show/,insidezone64,History,Texas A&M ‚Ä¢ SEC,2019-07-14 23:27:38,"{'neg': 0.0, 'neu': 1.0, 'pos': 0.0, 'compound': 0.0}"
99,How Does Big Ten Scheduling Work?,self.CFB,https://old.reddit.com/r/CFB/?count=175&after=t3_cdmiyq/comments/cd8drt/how_does_big_ten_scheduling_work/,CooperVazao,Discussion,Northwestern,2019-07-14 21:16:18,"{'neg': 0.0, 'neu': 1.0, 'pos': 0.0, 'compound': 0.0}"
100,What's your go-to gameday meal?,self.CFB,https://old.reddit.com/r/CFB/?count=175&after=t3_cdmiyq/comments/cd3rdt/whats_your_goto_gameday_meal/,PaperyWhistle,Discussion,Nebraska ‚Ä¢ Transfer Portal,2019-07-14 14:43:27,"{'neg': 0.0, 'neu': 1.0, 'pos': 0.0, 'compound': 0.0}"
101,What are the Pros/Cons to allowing alcohol sales at games,self.CFB,https://old.reddit.com/r/CFB/?count=175&after=t3_cdmiyq/comments/cdafss/what_are_the_proscons_to_allowing_alcohol_sales/,tvw34,Discussion,Michigan ‚Ä¢ Hope,2019-07-15 00:21:53,"{'neg': 0.0, 'neu': 1.0, 'pos': 0.0, 'compound': 0.0}"
